CustomerId,Surname,Geography,Age,Balance,EstimatedSalary,NumOfProducts,HasCrCard,IsActiveMember
15571958,McIntosh,Spain,40,221532.8,171867.08,1,1,0
15780212,Mao,France,37,212692.97,176395.02,1,0,0
15664498,Golovanov,France,26,205962.0,156424.4,1,1,0
15624729,Tsao,France,27,197041.8,151912.49,1,0,0
15807003,Jennings,France,32,191775.65,179657.83,1,1,0
15790355,Okechukwu,Germany,36,190479.48,179351.89,2,0,0
15765520,Stevenson,Germany,27,188614.07,171344.09,1,1,0
15737792,Abbie,France,31,186796.37,178252.63,1,0,0
15801788,McDonald,Germany,29,185544.36,171037.63,1,1,0
15763460,Yao,France,33,183768.47,164119.35,1,1,0
15800793,St Clair,Germany,39,182491.57,185830.72,1,1,0
15670943,See,Germany,31,182275.23,190631.23,2,1,0
15698510,Onwudiwe,Germany,42,181627.14,172668.39,2,1,0
15690372,Henry,Spain,38,181110.13,184544.59,2,1,0
15728006,Endrizzi,France,40,180516.9,180002.42,1,1,0
15681843,Barbour,Germany,35,180303.24,163587.9,2,1,0
15570051,Gill,Germany,38,179886.41,153122.58,2,0,0
15713347,Reynolds,Spain,48,179852.26,193580.32,1,1,0
15762331,Moss,France,37,178755.84,199929.17,1,1,0
15573319,Azubuike,Germany,35,178317.6,197428.64,1,0,0
15792729,Holland,Germany,34,176311.36,160213.27,1,1,0
15757632,Hughes-Jones,France,41,176024.05,182337.98,2,1,0
15569430,Burrows,Spain,36,175509.8,152039.67,2,1,0
15661412,Wardell,France,32,175307.32,187051.23,1,1,0
15738448,Sanford,Germany,25,174330.35,181647.13,2,0,0
15641640,Uspenskaya,Spain,33,173331.52,150452.88,1,1,0
15595537,Trout,Germany,49,171787.84,187192.23,2,1,0
15699029,Bagley,France,37,170557.91,198252.88,2,1,0
15721469,Mach,Germany,45,170295.04,164741.81,2,0,0
15571973,Chinwemma,France,38,169824.46,169291.7,1,1,0
15751137,Lei,Germany,36,169025.83,174235.06,1,1,0
15626135,Combes,France,34,165312.27,155495.63,1,1,0
15743893,Alexeyeva,France,42,164951.56,190531.77,1,1,0
15761763,Jamieson,France,33,164385.53,150664.97,1,1,0
15572361,Chill,Germany,34,164011.48,199420.41,1,1,0
15639415,Thompson,France,35,162442.35,183566.78,1,1,0
15621075,Ogbonnaya,Germany,45,162150.42,174531.27,2,1,0
15752047,Trevisano,Germany,33,161814.64,169381.9,2,1,0
15678206,Yeh,France,46,161798.53,182944.47,1,1,0
15757385,Milne,Spain,28,161592.76,177834.79,1,1,0
15574372,Hoolan,France,35,161274.05,181429.87,2,1,0
15620341,Nwebube,Germany,44,160838.13,196261.64,2,1,0
15585047,Onyemere,France,28,160376.61,196853.11,1,0,0
15738662,Daluchi,Germany,41,159434.03,178373.93,1,1,0
15751185,Aparicio,Spain,50,158633.61,193785.87,1,1,0
15656522,Sutherland,Spain,32,158537.42,166850.57,1,1,0
15665064,Harvey,France,36,158351.02,155304.53,2,1,0
15656121,Medvedeva,Germany,31,157791.07,177994.81,2,0,0
15694628,Walker,Germany,39,157731.6,162820.6,2,1,0
15629793,Banks,Spain,28,156823.7,198251.52,2,1,0
15660646,Fanucci,France,35,156687.1,199320.77,1,1,0
15695492,P'eng,France,29,156569.43,180598.66,1,1,0
15615012,Fan,France,23,156267.59,160968.44,1,1,0
15812766,Golubeva,Spain,40,156111.08,190889.13,1,0,0
15601719,Fiorentino,Germany,24,156007.09,191368.37,1,1,0
15802106,Craig,France,34,155973.88,154208.96,1,1,0
15747927,Ch'in,France,26,155739.76,171552.02,1,1,0
15650933,Ma,Spain,48,155413.06,187921.3,1,1,0
15646196,Yeh,Spain,36,155180.56,169415.54,2,0,0
15723907,Lawless,Germany,49,154776.42,196257.68,2,0,0
15604818,Edmund la Touche,France,34,154495.79,191395.88,1,1,0
15643903,Yao,France,27,154483.98,156394.74,1,1,0
15623536,Madukwe,Germany,39,154439.86,171519.06,1,1,0
15569764,Garner,Germany,41,154007.21,158408.23,1,1,0
15684211,Creel,Spain,44,153656.85,158742.81,1,1,0
15625964,Buckley,France,43,153313.67,170563.73,1,0,0
15647782,Brown,Germany,36,152899.24,177130.33,2,1,0
15738828,Milano,Germany,45,152880.97,162478.11,1,0,0
15648136,Green,Germany,28,152812.58,166682.57,1,1,0
15716082,Chukwubuikem,Spain,39,152685.4,183656.12,1,0,0
15742613,Warner,Germany,42,152324.66,171733.22,2,1,0
15626507,Chukwubuikem,France,27,152283.39,183271.15,1,1,0
15737265,Nwokeocha,Germany,39,152182.83,161203.6,1,0,0
15602845,Udinesi,Germany,41,152102.18,181879.56,2,1,0
15680666,Berry,Spain,39,151963.26,158948.63,2,1,0
15610643,De Luca,Germany,44,151739.65,167461.5,1,1,0
15617320,Palermo,Spain,46,151709.33,180736.24,1,1,0
15603319,Graham,France,29,151352.74,197145.89,1,0,0
15737748,McWilliam,Spain,33,151233.62,199336.63,1,0,0
15657540,Cremonesi,France,50,151215.34,169804.4,2,1,0
15701042,Dalton,Germany,27,151027.56,170320.58,1,1,0
15678129,Hill,Spain,45,150840.03,155516.35,2,1,0
15810457,Miller,Germany,33,150412.14,170764.08,2,1,0
15753955,Lori,Spain,34,149940.04,156648.81,2,0,0
15752375,Ojiofor,Germany,33,149564.61,149913.84,1,0,0
15627517,Taylor,Spain,27,149400.27,167522.19,1,0,0
15694039,Jen,Germany,46,149003.76,176902.83,2,1,0
15778320,Teng,Germany,40,148495.64,158853.98,1,0,0
15698167,Kumm,France,24,148298.59,182913.95,2,0,0
15771059,Welch,Germany,34,148200.72,194584.48,1,0,0
15569394,Bailey,France,24,148197.15,182775.08,2,1,0
15651713,King,France,45,148071.39,183575.01,1,1,0
15775756,Alexandrova,Germany,33,148055.74,199203.21,1,0,0
15621195,Ch'eng,Germany,41,147974.16,170518.83,2,1,0
15778936,Ingamells,France,33,147510.34,190611.92,1,1,0
15699492,Lorenzo,Germany,27,147435.96,187508.06,1,0,0
15603247,Bruner,Germany,35,146781.24,189307.7,1,1,0
15721779,Arnold,Spain,41,146466.46,180934.67,2,0,0
15613844,Murphy,France,28,146445.24,184317.74,2,1,0
15747980,Cattaneo,Spain,38,146282.79,198516.2,2,1,0
15771966,Akobundu,France,39,146200.01,177944.64,1,1,0
15753639,Gibson,France,37,146093.39,160593.41,2,0,0
15646276,Metcalfe,France,32,146033.62,191260.74,1,1,0
15789201,Thomson,Germany,35,145623.36,163181.62,1,1,0
15735522,Boulger,Germany,37,145610.07,186300.59,2,0,0
15765952,Milanesi,France,29,145471.37,188382.77,1,1,0
15578369,Chiedozie,Germany,37,145219.3,159132.83,1,1,0
15786014,Ku,France,28,145105.64,185489.11,2,1,0
15594576,Zhdanov,France,32,144875.71,187740.04,1,0,0
15744843,K'ung,Spain,34,144855.34,196555.32,1,0,0
15721377,Chou,France,34,144751.81,166472.81,1,0,0
15636872,Amadi,France,32,144705.87,171482.56,2,0,0
15793723,Ch'iu,Germany,32,144272.07,176580.63,2,1,0
15716164,Nicholls,France,41,144260.5,172114.67,1,1,0
15782456,Odili,France,46,143267.14,193099.43,2,0,0
15801296,Farber,Germany,37,143258.85,192721.98,2,1,0
15649450,Repina,Germany,24,143221.35,186035.72,2,1,0
15683993,Knight,France,37,142987.46,158840.99,2,1,0
15766289,Dickinson,France,47,142669.93,162760.96,2,1,0
15635277,Coates,Spain,47,142643.54,189310.27,1,1,0
15602043,Buccho,Germany,46,141788.63,164967.21,2,0,0
15583138,Persse,France,42,141642.92,172149.76,2,1,0
15639590,Melendez,France,30,141581.08,156249.06,1,1,0
15704014,K'ung,Germany,37,140950.92,195333.98,2,1,0
15723721,Tinline,France,30,140916.81,157711.18,1,1,0
15756125,Booth,Spain,44,140856.16,158735.1,2,1,0
15737910,Houghton,Germany,35,140691.08,167810.26,2,1,0
15600357,Findlay,France,40,140197.71,150720.39,2,1,0
15667751,Herrera,Spain,36,140137.15,194073.33,1,1,0
15610930,Kwemto,Germany,35,139979.07,185662.84,1,1,0
15799964,Campbell,Germany,30,139872.81,188795.85,1,1,0
15633108,Thorpe,France,26,139848.17,164696.27,1,1,0
15708139,Brown,France,40,139532.34,181294.39,1,1,0
